timestamp,app,duration_seconds
2026-03-13T14:50:39.341565,tracker.py - WEAL Hackathon Project - Visual Studio Code,5
2026-03-13T14:50:44.342562,Backend building steps - Claude - Google Chrome,5
2026-03-13T14:50:49.344119,tracker.py - WEAL Hackathon Project - Visual Studio Code,5
2026-03-13T15:23:41.256823,training_data.csv - WEAL Hackathon Project - Visual Studio Code,5
2026-03-13T15:23:46.258556,Backend building steps - Claude - Google Chrome,5
2026-03-13T15:23:51.260672,Backend building steps - Claude - Google Chrome,5
2026-03-13T15:23:56.262874,Backend building steps - Claude - Google Chrome,5
2026-03-13T15:24:01.264948,Backend building steps - Claude - Google Chrome,5
2026-03-13T15:24:06.267166,127.0.0.1:5000/api/status - Google Chrome,5
2026-03-13T15:24:11.271122,127.0.0.1:5000/api/status - Google Chrome,5
2026-03-13T15:24:16.273098,Backend building steps - Claude - Google Chrome,5
2026-03-13T15:24:21.276214,Backend building steps - Claude - Google Chrome,5
2026-03-13T15:24:26.277683,Backend building steps - Claude - Google Chrome,5
2026-03-13T15:24:31.279611,You are signed in as PES1UG24CS909 - Google Chrome,5
2026-03-13T15:24:36.282216,WhatsApp - Google Chrome,5
2026-03-13T15:24:41.283775,WhatsApp - Google Chrome,5
2026-03-13T15:24:46.285347,WhatsApp - Google Chrome,5
2026-03-13T15:24:51.287283,WhatsApp - Google Chrome,5
2026-03-13T15:24:56.289074,WhatsApp - Google Chrome,5
2026-03-13T15:25:01.291693,WhatsApp - Google Chrome,5
2026-03-13T15:25:06.294160,WhatsApp - Google Chrome,5
2026-03-13T15:25:11.296550,training_data.csv - WEAL Hackathon Project - Visual Studio Code,5
2026-03-13T15:25:16.299091,training_data.csv - WEAL Hackathon Project - Visual Studio Code,5
2026-03-13T15:25:21.301930,WhatsApp - Google Chrome,5
2026-03-13T15:25:26.304788,training_data.csv - WEAL Hackathon Project - Visual Studio Code,5
2026-03-13T15:25:31.307814,training_data.csv - WEAL Hackathon Project - Visual Studio Code,5
2026-03-13T15:25:36.309060,training_data.csv - WEAL Hackathon Project - Visual Studio Code,5
2026-03-13T15:25:41.310669,CN Mini Project - File Explorer,5
2026-03-13T15:25:46.312547,training_data.csv - WEAL Hackathon Project - Visual Studio Code,5
2026-03-13T15:25:51.315432,training_data.csv - WEAL Hackathon Project - Visual Studio Code,5
2026-03-13T15:25:56.318186,Backend building steps - Claude - Google Chrome,5
2026-03-13T15:26:01.320786,Backend building steps - Claude - Google Chrome,5
2026-03-13T15:26:06.323370,Backend building steps - Claude - Google Chrome,5
2026-03-13T15:26:11.326498,127.0.0.1:5000/api/stress - Google Chrome,5
2026-03-13T15:26:16.328595,127.0.0.1:5000/api/stress - Google Chrome,5
2026-03-13T15:26:21.331249,WhatsApp - Google Chrome,5
2026-03-13T15:26:26.333408,127.0.0.1:5000/api/stress - Google Chrome,5
2026-03-13T15:26:31.335065,WhatsApp - Google Chrome,5
2026-03-13T15:26:36.337092,training_data.csv - WEAL Hackathon Project - Visual Studio Code,5
2026-03-13T15:26:41.339032,Unknown,5
2026-03-13T15:26:46.341129,WhatsApp - Google Chrome,5
2026-03-13T15:26:51.343373,WhatsApp - Google Chrome,5
2026-03-13T15:26:56.346321,WhatsApp - Google Chrome,5
2026-03-13T15:27:01.348698,WhatsApp - Google Chrome,5
2026-03-13T15:27:06.350931,WhatsApp - Google Chrome,5
2026-03-13T15:27:11.352872,WhatsApp - Google Chrome,5
2026-03-13T15:27:16.354688,WhatsApp - Google Chrome,5
2026-03-13T15:27:21.356519,WhatsApp - Google Chrome,5
2026-03-13T15:27:26.371187,WhatsApp - Google Chrome,5
2026-03-13T15:27:31.476422,WhatsApp - Google Chrome,5
2026-03-13T15:27:36.477773,WhatsApp - Google Chrome,5
2026-03-13T15:27:41.479125,127.0.0.1:5000/api/stress - Google Chrome,5
2026-03-13T15:27:46.480345,127.0.0.1:5000/api/stress - Google Chrome,5
2026-03-13T15:27:51.482589,open.spotify.com - Google Chrome,5
2026-03-13T15:27:56.484398,open.spotify.com - Google Chrome,5
2026-03-13T15:28:01.486010,127.0.0.1:5000/api/stress - Google Chrome,5
2026-03-13T15:28:06.487981,WhatsApp - Google Chrome,5
2026-03-13T15:28:11.488928,WhatsApp - Google Chrome,5
2026-03-13T15:28:16.490393,WhatsApp - Google Chrome,5
2026-03-13T15:28:21.491996,WhatsApp - Google Chrome,5
2026-03-13T15:28:26.494005,WhatsApp - Google Chrome,5
2026-03-13T15:28:31.496170,WhatsApp - Google Chrome,5
2026-03-13T15:28:36.498466,WhatsApp - Google Chrome,5
2026-03-13T15:28:41.500235,WhatsApp - Google Chrome,5
2026-03-13T15:28:46.502291,WhatsApp - Google Chrome,5
2026-03-13T15:28:51.504192,127.0.0.1:5000/api/stress - Google Chrome,5
2026-03-13T15:28:56.506629,127.0.0.1:5000/api/stress - Google Chrome,5
2026-03-13T15:29:01.508335,127.0.0.1:5000/api/stress - Google Chrome,5
2026-03-13T15:29:06.509825,127.0.0.1:5000/api/stress - Google Chrome,5
2026-03-13T15:29:11.511835,127.0.0.1:5000/api/stress - Google Chrome,5
2026-03-13T15:29:16.512919,127.0.0.1:5000/api/stress - Google Chrome,5
2026-03-13T15:29:21.515460,Backend building steps - Claude - Google Chrome,5
2026-03-13T15:29:26.517447,(1) WhatsApp - Google Chrome,5
2026-03-13T15:29:31.519090,WhatsApp - Google Chrome,5
2026-03-13T15:29:36.520873,WhatsApp - Google Chrome,5
2026-03-13T15:29:41.522428,WhatsApp - Google Chrome,5
2026-03-13T15:29:46.524205,WhatsApp - Google Chrome,5
2026-03-13T15:29:51.526145,WhatsApp - Google Chrome,5
2026-03-13T15:29:56.527350,WhatsApp - Google Chrome,5
2026-03-13T15:30:01.528627,WhatsApp - Google Chrome,5
2026-03-13T15:30:06.529956,WhatsApp - Google Chrome,5
2026-03-13T15:30:11.532451,WhatsApp - Google Chrome,5
2026-03-13T15:30:16.535823,WhatsApp - Google Chrome,5
2026-03-13T15:30:21.537267,WhatsApp - Google Chrome,5
2026-03-13T15:30:26.538863,WhatsApp - Google Chrome,5
2026-03-13T15:30:31.540544,WhatsApp - Google Chrome,5
2026-03-13T15:30:36.542670,WhatsApp - Google Chrome,5
2026-03-13T15:30:41.544479,Backend building steps - Claude - Google Chrome,5
2026-03-13T15:30:46.546222,Backend building steps - Claude - Google Chrome,5
2026-03-13T15:30:51.547985,Backend building steps - Claude - Google Chrome,5
2026-03-13T15:30:56.551518,WhatsApp - Google Chrome,5
2026-03-13T15:31:01.553316,WhatsApp - Google Chrome,5
2026-03-13T15:31:06.554988,WhatsApp - Google Chrome,5
2026-03-13T15:31:11.557188,Snipping Tool Overlay,5
2026-03-13T15:31:16.558816,127.0.0.1:5000/api/stress - Google Chrome,5
2026-03-13T15:31:21.560488,WhatsApp - Google Chrome,5
2026-03-13T15:31:26.561533,WhatsApp - Google Chrome,5
2026-03-13T15:31:31.563202,WhatsApp - Google Chrome,5
2026-03-13T15:31:36.564725,WhatsApp - Google Chrome,5
2026-03-13T15:31:41.566475,WhatsApp - Google Chrome,5
2026-03-13T15:31:46.567993,WhatsApp - Google Chrome,5
2026-03-13T15:31:51.569744,WhatsApp - Google Chrome,5
2026-03-13T15:31:56.571444,WhatsApp - Google Chrome,5
2026-03-13T15:32:01.572280,WhatsApp - Google Chrome,5
2026-03-13T15:32:06.574423,training_data.csv - WEAL Hackathon Project - Visual Studio Code,5
2026-03-13T23:13:53.723875,Command Prompt - python  api\tracker.py,5
2026-03-13T23:13:58.725719,Linking frontend and backend repositories - Claude - Google Chrome,5
2026-03-13T23:14:03.727304,weal - Google Chrome,5
2026-03-13T23:14:08.729324,weal - Google Chrome,5
2026-03-13T23:14:13.730404,weal - Google Chrome,5
2026-03-13T23:14:18.732237,weal - Google Chrome,5
2026-03-13T23:14:23.734865,weal - Google Chrome,5
2026-03-13T23:14:28.736868,Unknown,5
2026-03-13T23:14:33.738367,Jarvis-backend - File Explorer,5
2026-03-13T23:14:38.739605,weal - Google Chrome,5
2026-03-13T23:14:43.741049,weal - Google Chrome,5
2026-03-13T23:14:48.742289,weal - Google Chrome,5
2026-03-13T23:14:53.743729,weal - Google Chrome,5
2026-03-13T23:14:58.746308,Meet ñ xqs-ayax-ogr - Google Chrome,5
2026-03-13T23:15:03.749407,Prithvi-Aithal/Jarvis-backend - Google Chrome,5
2026-03-13T23:15:08.750564,Prithvi-Aithal/Jarvis-backend - Google Chrome,5
2026-03-13T23:15:13.752095,Prithvi-Aithal/Jarvis-backend - Google Chrome,5
2026-03-13T23:15:18.753907,Prithvi-Aithal/Jarvis-backend - Google Chrome,5
2026-03-13T23:15:23.754898,(1) WhatsApp - Google Chrome,5
2026-03-13T23:15:28.756425,weal - Google Chrome,5
2026-03-13T23:15:33.758402,weal - Google Chrome,5
2026-03-13T23:15:38.759826,weal - Google Chrome,5
2026-03-13T23:15:43.761457,weal - Google Chrome,5
2026-03-13T23:15:48.764060,Command Prompt - python  api\tracker.py,5
2026-03-13T23:15:53.765007,weal - Google Chrome,5
2026-03-13T23:15:58.766796,Command Prompt - python  api/app.py,5
2026-03-13T23:16:03.768238,Command Prompt - python  api/app.py,5
2026-03-13T23:16:08.769769,Command Prompt - python  api/app.py,5
2026-03-13T23:16:13.771606,Command Prompt - python  api/app.py,5
2026-03-13T23:16:18.772676,weal - Google Chrome,5
2026-03-13T23:16:23.773831,Meet ñ xqs-ayax-ogr - Google Chrome,5
2026-03-13T23:16:28.774859,Meet ñ xqs-ayax-ogr - Google Chrome,5
2026-03-13T23:16:33.776826,C:\WINDOWS\system32\cmd.exe ,5
2026-03-13T23:16:38.782233,Command Prompt - python  api\tracker.py,5
2026-03-13T23:17:52.851182,Command Prompt - python  api\tracker.py,5
2026-03-13T23:17:57.852089,Linking frontend and backend repositories - Claude - Google Chrome,5
2026-03-13T23:18:02.853501,Unknown,5
2026-03-13T23:18:07.855485,Unknown,5
2026-03-13T23:18:12.857897,Unknown,5
2026-03-13T23:18:17.860195,Command Prompt,5
2026-03-13T23:18:22.862160,Command Prompt - npm  run dev,5
2026-03-13T23:18:27.864180,C:\WINDOWS\system32\cmd.exe ,5
2026-03-13T23:18:32.866575,Command Prompt - python  app.py,5
2026-03-13T23:18:37.867958,Linking frontend and backend repositories - Claude - Google Chrome,5
2026-03-13T23:18:42.869656,Untitled - Google Chrome,5
2026-03-13T23:18:47.872482,weal - Google Chrome,5
2026-03-13T23:18:52.874331,weal - Google Chrome,5
2026-03-13T23:18:57.875508,weal - Google Chrome,5
2026-03-13T23:19:02.876389,weal - Google Chrome,5
2026-03-13T23:19:07.877579,Linking frontend and backend repositories - Claude - Google Chrome,5
2026-03-13T23:19:12.885178,weal - Google Chrome,5
2026-03-13T23:19:17.888611,Jarvis-backend - File Explorer,5
2026-03-13T23:19:22.890522,Command Prompt - python  api\tracker.py,5
2026-03-13T23:19:27.891621,weal - Google Chrome,5
2026-03-13T23:19:32.892798,(1) WhatsApp - Google Chrome,5
2026-03-13T23:19:37.894021,weal - Google Chrome,5
2026-03-13T23:19:42.905377,Linking frontend and backend repositories - Claude - Google Chrome,5
2026-03-13T23:19:47.907389,Linking frontend and backend repositories - Claude - Google Chrome,5
2026-03-13T23:19:52.908987,Meet ñ xqs-ayax-ogr - Google Chrome,5
2026-03-13T23:19:57.912471,Linking frontend and backend repositories - Claude - Google Chrome,5
2026-03-13T23:20:02.914417,Linking frontend and backend repositories - Claude - Google Chrome,5
2026-03-13T23:20:07.916124,Terminal,5
2026-03-13T23:20:12.919180,Command Prompt,5
2026-03-13T23:20:17.921263,Linking frontend and backend repositories - Claude - Google Chrome,5
2026-03-13T23:20:22.922519,Linking frontend and backend repositories - Claude - Google Chrome,5
2026-03-13T23:20:27.923283,Linking frontend and backend repositories - Claude - Google Chrome,5
2026-03-13T23:20:32.924424,Linking frontend and backend repositories - Claude - Google Chrome,5
2026-03-13T23:20:37.926342,app.py - prith - Visual Studio Code,5
2026-03-13T23:20:42.927955,app.py - prith - Visual Studio Code,5
2026-03-13T23:20:47.930029,Linking frontend and backend repositories - Claude - Google Chrome,5
2026-03-13T23:20:52.931420,Linking frontend and backend repositories - Claude - Google Chrome,5
2026-03-13T23:20:57.932646,Linking frontend and backend repositories - Claude - Google Chrome,5
2026-03-13T23:21:02.933438,Linking frontend and backend repositories - Claude - Google Chrome,5
2026-03-13T23:21:07.934733,Linking frontend and backend repositories - Claude - Google Chrome,5
2026-03-13T23:21:12.936661,app.py - prith - Visual Studio Code,5
2026-03-13T23:21:17.938405,app.py - prith - Visual Studio Code,5
2026-03-13T23:21:22.940217,app.py - prith - Visual Studio Code,5
2026-03-13T23:21:27.941295,app.py - prith - Visual Studio Code,5
2026-03-13T23:21:32.945654,app.py - prith - Visual Studio Code,5
2026-03-13T23:21:37.948289,app.py - prith - Visual Studio Code,5
2026-03-13T23:22:00.722681,Command Prompt - python  api\tracker.py,5
2026-03-13T23:22:05.761476,Command Prompt - python  app.py,5
2026-03-13T23:22:10.763906,Command Prompt,5
2026-03-13T23:22:15.765770,Command Prompt - python  app.py,5
2026-03-13T23:22:20.767578,Command Prompt,5
2026-03-13T23:22:25.769584,C:\WINDOWS\system32\cmd.exe ,5
2026-03-13T23:22:30.771921,Command Prompt,5
2026-03-13T23:22:35.774010,Command Prompt - npm  run dev,5
2026-03-13T23:22:40.780189,C:\WINDOWS\system32\cmd.exe ,5
2026-03-13T23:22:45.792145,Task Switching,5
2026-03-13T23:22:50.794833,weal - Google Chrome,5
2026-03-13T23:22:55.796222,weal - Google Chrome,5
2026-03-13T23:23:00.797886,weal - Google Chrome,5
2026-03-13T23:23:05.799972,Command Prompt - python  api\tracker.py,5
2026-03-13T23:23:10.801858,Command Prompt - python  app.py,5
2026-03-13T23:23:15.803726,Command Prompt - python  app.py,5
2026-03-13T23:23:20.805038,Command Prompt - python  app.py,5
2026-03-13T23:23:25.806797,Command Prompt - python  app.py,5
2026-03-13T23:23:30.808181,Command Prompt - python  app.py,5
2026-03-13T23:23:35.809767,Command Prompt - python  app.py,5
2026-03-13T23:23:40.858056,Linking frontend and backend repositories - Claude - Google Chrome,5
2026-03-13T23:23:45.864591,Linking frontend and backend repositories - Claude - Google Chrome,5
2026-03-13T23:23:50.866064,Linking frontend and backend repositories - Claude - Google Chrome,5
2026-03-13T23:23:55.867634,Linking frontend and backend repositories - Claude - Google Chrome,5
2026-03-13T23:24:00.869124,Linking frontend and backend repositories - Claude - Google Chrome,5
2026-03-13T23:24:05.873511,Linking frontend and backend repositories - Claude - Google Chrome,5
2026-03-13T23:24:10.877463,app.py - prith - Visual Studio Code,5
2026-03-13T23:24:15.879142,app.py - prith - Visual Studio Code,5
2026-03-13T23:24:20.885403,app.py - prith - Visual Studio Code,5
2026-03-13T23:24:25.889008,app.py - prith - Visual Studio Code,5
2026-03-13T23:24:30.891515,app.py - prith - Visual Studio Code,5
2026-03-13T23:24:35.895394,app.py - prith - Visual Studio Code,5
2026-03-13T23:24:40.900763,app.py - prith - Visual Studio Code,5
2026-03-13T23:24:45.902044,app.py - prith - Visual Studio Code,5
2026-03-13T23:24:50.904424,app.py - prith - Visual Studio Code,5
2026-03-13T23:24:55.906341,app.py - prith - Visual Studio Code,5
2026-03-13T23:25:45.723914,Command Prompt - python  api\tracker.py,5
2026-03-13T23:25:50.725065,Command Prompt - python  app.py,5
2026-03-13T23:25:55.726051,Command Prompt - python  app.py,5
2026-03-13T23:26:00.727999,C:\WINDOWS\system32\cmd.exe ,5
2026-03-13T23:26:05.729408,weal - Google Chrome,5
2026-03-13T23:26:10.731119,weal - Google Chrome,5
2026-03-13T23:26:15.732450,Linking frontend and backend repositories - Claude - Google Chrome,5
2026-03-13T23:26:20.747202,weal - Google Chrome,5
2026-03-13T23:26:25.752269,weal - Google Chrome,5
2026-03-13T23:26:30.754494,weal - Google Chrome,5
2026-03-13T23:26:35.755938,weal - Google Chrome,5
2026-03-13T23:26:40.762913,Prithvi-Aithal/Jarvis-backend - Google Chrome,5
2026-03-13T23:26:45.767545,weal - Google Chrome,5
2026-03-13T23:26:50.769837,weal - Google Chrome,5
2026-03-13T23:26:55.773535,weal - Google Chrome,5
2026-03-13T23:27:00.775478,prith - File Explorer,5
2026-03-13T23:27:05.778081,Jarvis - File Explorer,5
2026-03-13T23:27:10.783075,prith - File Explorer,5
2026-03-13T23:27:15.784465,Jarvis - File Explorer,5
2026-03-13T23:27:20.786293,Jarvis - File Explorer,5
2026-03-13T23:27:25.787988,prith - File Explorer,5
2026-03-13T23:27:30.790013,prith - File Explorer,5
2026-03-13T23:27:35.791451,prith - File Explorer,5
2026-03-13T23:27:40.793190,Jarvis-backend - File Explorer,5
2026-03-13T23:27:45.794521,prith - File Explorer,5
2026-03-13T23:27:50.796401,prith - File Explorer,5
2026-03-13T23:27:55.797773,weal - Google Chrome,5
2026-03-13T23:28:00.798975,weal - Google Chrome,5
2026-03-13T23:28:05.800776,prith - File Explorer,5
2026-03-13T23:28:10.802403,prith - File Explorer,5
2026-03-13T23:28:15.804486,Command Prompt - python  api\tracker.py,5
2026-03-13T23:28:20.806087,Command Prompt - python  api\tracker.py,5
2026-03-13T23:28:25.809757,Command Prompt - python  api\tracker.py,5
2026-03-13T23:28:30.811738,Command Prompt - python  api\tracker.py,5
2026-03-13T23:28:35.813088,prith - File Explorer,5
2026-03-13T23:28:40.814850,weal - Google Chrome,5
2026-03-13T23:28:45.816971,(3) WhatsApp - Google Chrome,5
2026-03-13T23:28:50.818786,(3) WhatsApp - Google Chrome,5
2026-03-13T23:28:55.821441,(3) WhatsApp - Google Chrome,5
2026-03-13T23:29:00.823121,(3) WhatsApp - Google Chrome,5
2026-03-13T23:29:05.824414,(3) WhatsApp - Google Chrome,5
2026-03-13T23:29:10.826508,(3) WhatsApp - Google Chrome,5
2026-03-13T23:29:15.828266,(3) WhatsApp - Google Chrome,5
2026-03-13T23:29:20.830347,(3) WhatsApp - Google Chrome,5
2026-03-13T23:29:25.832251,(3) WhatsApp - Google Chrome,5
2026-03-13T23:29:30.834083,(3) WhatsApp - Google Chrome,5
2026-03-13T23:29:35.835759,(3) WhatsApp - Google Chrome,5
2026-03-13T23:29:40.836974,(3) WhatsApp - Google Chrome,5
2026-03-13T23:29:45.838085,(3) WhatsApp - Google Chrome,5
2026-03-13T23:29:50.841539,Meet ñ xqs-ayax-ogr - Google Chrome,5
2026-03-13T23:29:56.170510,Meet ñ xqs-ayax-ogr - Google Chrome,5
2026-03-13T23:30:01.172917,Meet ñ xqs-ayax-ogr - Google Chrome,5
2026-03-13T23:30:06.174811,Meet ñ xqs-ayax-ogr - Google Chrome,5
2026-03-13T23:30:11.176438,Meet ñ xqs-ayax-ogr - Google Chrome,5
2026-03-13T23:30:16.177337,Meet ñ xqs-ayax-ogr - Google Chrome,5
2026-03-13T23:30:21.178912,Meet ñ xqs-ayax-ogr - Google Chrome,5
2026-03-13T23:30:26.180694,Meet ñ xqs-ayax-ogr - Google Chrome,5
2026-03-13T23:30:31.184019,Meet ñ xqs-ayax-ogr - Google Chrome,5
2026-03-13T23:30:36.185661,Meet ñ xqs-ayax-ogr - Google Chrome,5
2026-03-13T23:30:41.187055,Meet ñ xqs-ayax-ogr - Google Chrome,5
2026-03-13T23:30:46.191483,Meet ñ xqs-ayax-ogr - Google Chrome,5
2026-03-13T23:30:51.192726,Meet ñ xqs-ayax-ogr - Google Chrome,5
2026-03-13T23:30:56.194166,Meet ñ xqs-ayax-ogr - Google Chrome,5
2026-03-13T23:31:01.196257,Meet ñ xqs-ayax-ogr - Google Chrome,5
2026-03-13T23:31:06.197905,Meet ñ xqs-ayax-ogr - Google Chrome,5
2026-03-13T23:31:11.199269,Meet ñ xqs-ayax-ogr - Google Chrome,5
2026-03-13T23:31:16.200471,Meet ñ xqs-ayax-ogr - Google Chrome,5
2026-03-13T23:31:21.201922,Meet ñ xqs-ayax-ogr - Google Chrome,5
2026-03-13T23:31:26.203176,Meet ñ xqs-ayax-ogr - Google Chrome,5
2026-03-13T23:31:31.206192,Meet ñ xqs-ayax-ogr - Google Chrome,5
2026-03-13T23:31:36.208439,Meet ñ xqs-ayax-ogr - Google Chrome,5
2026-03-13T23:31:41.210583,Meet ñ xqs-ayax-ogr - Google Chrome,5
2026-03-13T23:31:46.212286,Meet ñ xqs-ayax-ogr - Google Chrome,5
2026-03-13T23:31:51.213721,Meet ñ xqs-ayax-ogr - Google Chrome,5
2026-03-13T23:31:56.215918,Meet ñ xqs-ayax-ogr - Google Chrome,5
2026-03-13T23:32:01.220164,Meet ñ xqs-ayax-ogr - Google Chrome,5
2026-03-13T23:32:06.221293,Meet ñ xqs-ayax-ogr - Google Chrome,5
2026-03-13T23:32:11.222587,Meet ñ xqs-ayax-ogr - Google Chrome,5
2026-03-13T23:32:16.223850,Meet ñ xqs-ayax-ogr - Google Chrome,5
2026-03-13T23:32:21.225723,Meet ñ xqs-ayax-ogr - Google Chrome,5
2026-03-13T23:32:26.227396,Meet ñ xqs-ayax-ogr - Google Chrome,5
2026-03-13T23:32:31.228840,Meet ñ xqs-ayax-ogr - Google Chrome,5
2026-03-13T23:32:36.230251,Meet ñ xqs-ayax-ogr - Google Chrome,5
2026-03-13T23:32:41.232068,Meet ñ xqs-ayax-ogr - Google Chrome,5
2026-03-13T23:32:46.233655,Meet ñ xqs-ayax-ogr - Google Chrome,5
2026-03-13T23:32:51.235915,Meet ñ xqs-ayax-ogr - Google Chrome,5
2026-03-13T23:32:56.237287,Meet ñ xqs-ayax-ogr - Google Chrome,5
2026-03-13T23:33:01.238839,Meet ñ xqs-ayax-ogr - Google Chrome,5
2026-03-13T23:33:06.240377,Meet ñ xqs-ayax-ogr - Google Chrome,5
2026-03-13T23:33:11.242223,Meet ñ xqs-ayax-ogr - Google Chrome,5
2026-03-13T23:33:16.243828,Meet ñ xqs-ayax-ogr - Google Chrome,5
2026-03-13T23:33:21.245209,Meet ñ xqs-ayax-ogr - Google Chrome,5
2026-03-13T23:33:26.246977,Meet ñ xqs-ayax-ogr - Google Chrome,5
2026-03-13T23:33:31.248500,Meet ñ xqs-ayax-ogr - Google Chrome,5
2026-03-13T23:33:36.249788,Meet ñ xqs-ayax-ogr - Google Chrome,5
2026-03-13T23:33:41.251343,Unknown,5
2026-03-13T23:46:23.415963,WEAL Hackathon Project - Visual Studio Code,5
2026-03-13T23:46:28.442247,WEAL Hackathon Project - Visual Studio Code,5
2026-03-13T23:46:33.502508,WEAL Hackathon Project - Visual Studio Code,5
2026-03-13T23:46:38.503449,WEAL Hackathon Project - Visual Studio Code,5
2026-03-13T23:46:43.504462,WEAL Hackathon Project - Visual Studio Code,5
2026-03-13T23:46:48.536926,WEAL Hackathon Project - Visual Studio Code,5
2026-03-13T23:46:53.538309,Snipping Tool Overlay,5
2026-03-13T23:46:58.546796,Meet ñ xqs-ayax-ogr - Google Chrome,5
2026-03-13T23:47:03.564142,ChatGPT - Google Chrome,5
2026-03-13T23:47:08.600084,ChatGPT - Google Chrome,5
2026-03-13T23:47:13.601753,Error Explanation - Google Chrome,5
2026-03-13T23:47:18.603020,Error Explanation - Google Chrome,5
2026-03-13T23:47:23.604756,Search,5
2026-03-13T23:47:28.606769,Search,5
2026-03-13T23:47:33.608189,Unknown,5
2026-03-13T23:47:38.609374,Administrator: Windows PowerShell,5
2026-03-13T23:47:43.610845,PowerShell Script Block Fix - Google Chrome,5
2026-03-13T23:47:48.612073,WEAL Hackathon Project - Visual Studio Code,5
2026-03-13T23:47:53.613452,WEAL Hackathon Project - Visual Studio Code,5
2026-03-13T23:47:58.614686,WEAL Hackathon Project - Visual Studio Code,5
2026-03-13T23:48:03.615566,WEAL Hackathon Project - Visual Studio Code,5
2026-03-13T23:48:08.617499,Untitled - Google Chrome,5
2026-03-13T23:48:13.619717,weal - Google Chrome,5
2026-03-13T23:48:18.622546,weal - Google Chrome,5
2026-03-13T23:48:23.624738,weal - Google Chrome,5
2026-03-13T23:48:28.625686,weal - Google Chrome,5
2026-03-13T23:48:33.626733,weal - Google Chrome,5
2026-03-13T23:48:38.628632,weal - Google Chrome,5
2026-03-13T23:48:43.629751,weal - Google Chrome,5
2026-03-13T23:48:48.631214,weal - Google Chrome,5
2026-03-13T23:48:53.632380,weal - Google Chrome,5
2026-03-13T23:48:58.633962,weal - Google Chrome,5
2026-03-13T23:49:03.635003,weal - Google Chrome,5
2026-03-13T23:49:08.636766,weal - Google Chrome,5
2026-03-13T23:49:13.638769,weal - Google Chrome,5
2026-03-13T23:49:18.640191,weal - Google Chrome,5
2026-03-13T23:49:23.641224,weal - Google Chrome,5
2026-03-13T23:49:28.642491,weal - Google Chrome,5
2026-03-13T23:49:33.644349,weal - Google Chrome,5
2026-03-13T23:49:38.645845,weal - Google Chrome,5
2026-03-13T23:49:43.647129,weal - Google Chrome,5
2026-03-13T23:49:48.651609,weal - Google Chrome,5
2026-03-13T23:49:53.663154,weal - Google Chrome,5
2026-03-13T23:49:58.665828,weal - Google Chrome,5
2026-03-13T23:50:03.668440,weal - Google Chrome,5
2026-03-13T23:50:08.670317,weal - Google Chrome,5
2026-03-13T23:50:13.671587,WEAL Hackathon Project - Visual Studio Code,5
2026-03-13T23:50:18.672306,WEAL Hackathon Project - Visual Studio Code,5
2026-03-13T23:50:23.673302,WEAL Hackathon Project - Visual Studio Code,5
2026-03-13T23:50:28.847491,stress_model.pkl - WEAL Hackathon Project - Visual Studio Code,5
2026-03-13T23:50:33.848958,WEAL Hackathon Project - Visual Studio Code,5
2026-03-13T23:50:38.852054,training_data.csv - WEAL Hackathon Project - Visual Studio Code,5
2026-03-13T23:50:43.858362,training_data.csv - WEAL Hackathon Project - Visual Studio Code,5
2026-03-13T23:50:48.859527,train_model.py - WEAL Hackathon Project - Visual Studio Code,5
2026-03-13T23:50:53.860709,train_model.py - WEAL Hackathon Project - Visual Studio Code,5
2026-03-13T23:50:58.861914,train_model.py - WEAL Hackathon Project - Visual Studio Code,5
2026-03-13T23:51:03.863143,train_model.py - WEAL Hackathon Project - Visual Studio Code,5
2026-03-13T23:51:08.864076,train_model.py - WEAL Hackathon Project - Visual Studio Code,5
2026-03-13T23:51:13.865182,train_model.py - WEAL Hackathon Project - Visual Studio Code,5
2026-03-13T23:51:18.866405,predictor.py - WEAL Hackathon Project - Visual Studio Code,5
2026-03-13T23:51:23.867468,predictor.py - WEAL Hackathon Project - Visual Studio Code,5
2026-03-13T23:51:28.868998,predictor.py - WEAL Hackathon Project - Visual Studio Code,5
2026-03-13T23:51:33.870195,predictor.py - WEAL Hackathon Project - Visual Studio Code,5
2026-03-13T23:51:38.981434,predictor.py - WEAL Hackathon Project - Visual Studio Code,5
2026-03-13T23:51:43.982832,predictor.py - WEAL Hackathon Project - Visual Studio Code,5
2026-03-13T23:51:48.984166,predictor.py - WEAL Hackathon Project - Visual Studio Code,5
2026-03-13T23:51:53.985556,predictor.py - WEAL Hackathon Project - Visual Studio Code,5
2026-03-13T23:51:58.987227,Unknown,5
2026-03-13T23:52:03.989212,weal - Google Chrome,5
2026-03-13T23:52:09.004438,weal - Google Chrome,5
2026-03-13T23:52:14.005977,predictor.py - WEAL Hackathon Project - Visual Studio Code,5
2026-03-13T23:52:19.007018,weal - Google Chrome,5
2026-03-13T23:52:24.008289,weal - Google Chrome,5
2026-03-13T23:52:29.009534,weal - Google Chrome,5
2026-03-13T23:52:34.010582,weal - Google Chrome,5
2026-03-13T23:52:39.011919,Meet ñ xqs-ayax-ogr - Google Chrome,5
2026-03-13T23:52:44.025440,Meet ñ xqs-ayax-ogr - Google Chrome,5
2026-03-13T23:52:49.028576,Meet ñ xqs-ayax-ogr - Google Chrome,5
2026-03-13T23:52:54.030553,Meet ñ xqs-ayax-ogr - Google Chrome,5
2026-03-13T23:52:59.031674,Meet ñ xqs-ayax-ogr - Google Chrome,5
2026-03-13T23:53:04.033350,Meet ñ xqs-ayax-ogr - Google Chrome,5
2026-03-13T23:53:09.034897,Meet ñ xqs-ayax-ogr - Google Chrome,5
2026-03-13T23:53:14.036330,Meet ñ xqs-ayax-ogr - Google Chrome,5
2026-03-13T23:53:19.037843,Meet ñ xqs-ayax-ogr - Google Chrome,5
2026-03-13T23:53:24.039407,Meet ñ xqs-ayax-ogr - Google Chrome,5
2026-03-13T23:53:29.040848,Meet ñ xqs-ayax-ogr - Google Chrome,5
2026-03-13T23:53:34.042279,Meet ñ xqs-ayax-ogr - Google Chrome,5
2026-03-13T23:53:39.043281,Meet ñ xqs-ayax-ogr - Google Chrome,5
2026-03-13T23:53:44.202973,Linking frontend and backend repositories - Claude - Google Chrome,5
2026-03-13T23:53:49.253008,PowerShell Script Block Fix - Google Chrome,5
2026-03-13T23:53:54.254207,PowerShell Script Block Fix - Google Chrome,5
2026-03-13T23:53:59.255500,Home - File Explorer,5
2026-03-13T23:54:04.259013,Open,5
2026-03-13T23:54:09.261689,Open,5
2026-03-13T23:54:14.263862,Open,5
2026-03-13T23:54:19.265334,Home - File Explorer,5
2026-03-13T23:54:24.266624,Prithvi - File Explorer,5
2026-03-13T23:54:29.268367,Prithvi - File Explorer,5
2026-03-13T23:54:34.269782,Prithvi - File Explorer,5
2026-03-13T23:54:39.270958,Prithvi - File Explorer,5
2026-03-13T23:54:44.272734,Prithvi - File Explorer,5
2026-03-13T23:54:49.274240,Prithvi - File Explorer,5
2026-03-13T23:54:54.278963,WEAL Hackathon Project - File Explorer,5
2026-03-13T23:54:59.281138,Meet ñ xqs-ayax-ogr - Google Chrome,5
2026-03-13T23:55:04.282674,Meet ñ xqs-ayax-ogr - Google Chrome,5
2026-03-13T23:55:09.285166,Meet ñ xqs-ayax-ogr - Google Chrome,5
2026-03-13T23:55:14.286937,Meet ñ xqs-ayax-ogr - Google Chrome,5
2026-03-13T23:55:19.288290,Meet ñ xqs-ayax-ogr - Google Chrome,5
2026-03-13T23:55:24.289300,Meet ñ xqs-ayax-ogr - Google Chrome,5
2026-03-13T23:55:29.290248,Meet ñ xqs-ayax-ogr - Google Chrome,5
2026-03-13T23:55:34.292881,Prithvi - File Explorer,5
2026-03-13T23:55:39.294413,Prithvi - File Explorer,5
2026-03-13T23:55:44.295641,Prithvi - File Explorer,5
2026-03-13T23:55:49.297621,Compressing...,5
2026-03-13T23:55:54.299369,Compressing...,5
2026-03-13T23:55:59.300594,Meet ñ xqs-ayax-ogr - Google Chrome,5
2026-03-13T23:56:04.301508,Meet ñ xqs-ayax-ogr - Google Chrome,5
2026-03-13T23:56:09.302408,Meet ñ xqs-ayax-ogr - Google Chrome,5
2026-03-13T23:56:14.303413,Meet ñ xqs-ayax-ogr - Google Chrome,5
2026-03-13T23:56:19.345774,Meet ñ xqs-ayax-ogr - Google Chrome,5
2026-03-13T23:56:24.347380,Meet ñ xqs-ayax-ogr - Google Chrome,5
2026-03-13T23:56:29.348474,predictor.py - WEAL Hackathon Project - Visual Studio Code,5
2026-03-13T23:56:34.349491,Meet ñ xqs-ayax-ogr - Google Chrome,5
2026-03-13T23:56:39.351292,ChatGPT - Google Chrome,5
2026-03-13T23:56:44.353540,Open,5
2026-03-13T23:56:49.354927,Open,5
2026-03-13T23:56:54.356967,Open,5
2026-03-13T23:56:59.358841,Open,5
2026-03-13T23:57:04.360777,Open,5
2026-03-13T23:57:09.362655,Open,5
2026-03-13T23:57:14.364621,Meet ñ xqs-ayax-ogr - Google Chrome,5
2026-03-13T23:57:19.365665,Meet ñ xqs-ayax-ogr - Google Chrome,5
2026-03-13T23:57:24.462916,Meet ñ xqs-ayax-ogr - Google Chrome,5
2026-03-13T23:57:29.464428,Meet ñ xqs-ayax-ogr - Google Chrome,5
2026-03-13T23:57:34.465903,ChatGPT - Google Chrome,5
2026-03-13T23:57:39.467136,ChatGPT - Google Chrome,5
2026-03-13T23:57:44.468607,ChatGPT - Google Chrome,5
2026-03-13T23:57:49.469725,ChatGPT - Google Chrome,5
2026-03-13T23:57:54.472318,ML Model and Tracker - Google Chrome,5
2026-03-13T23:57:59.473851,Meet ñ xqs-ayax-ogr - Google Chrome,5
2026-03-13T23:58:04.474875,ML Model and Tracker - Google Chrome,5
2026-03-13T23:58:09.475740,Linking frontend and backend repositories - Claude - Google Chrome,5
2026-03-13T23:58:14.477650,Linking frontend and backend repositories - Claude - Google Chrome,5
2026-03-13T23:58:19.479069,ML Model and Tracker - Google Chrome,5
2026-03-13T23:58:24.481167,ML Model Tracker Integration - Google Chrome,5
2026-03-13T23:58:29.482415,ML Model Tracker Integration - Google Chrome,5
2026-03-13T23:58:34.483401,ML Model Tracker Integration - Google Chrome,5
2026-03-13T23:58:39.484335,ML Model Tracker Integration - Google Chrome,5
2026-03-13T23:58:44.485427,ML Model Tracker Integration - Google Chrome,5
2026-03-13T23:58:49.487483,Linking frontend and backend repositories - Claude - Google Chrome,5
2026-03-13T23:58:54.489877,Meet ñ xqs-ayax-ogr,5
2026-03-13T23:58:59.491903,Meet ñ xqs-ayax-ogr - Google Chrome,5
2026-03-13T23:59:04.493061,Meet ñ xqs-ayax-ogr - Google Chrome,5
2026-03-13T23:59:09.502468,Linking frontend and backend repositories - Claude - Google Chrome,5
2026-03-13T23:59:14.514014,ML Model Tracker Integration - Google Chrome,5
2026-03-13T23:59:19.515926,ML Model Tracker Integration - Google Chrome,5
2026-03-13T23:59:24.517162,Linking frontend and backend repositories - Claude - Google Chrome,5
2026-03-13T23:59:29.518083,WhatsApp - Google Chrome,5
2026-03-13T23:59:34.520068,WhatsApp - Google Chrome,5
2026-03-13T23:59:39.555660,WhatsApp - Google Chrome,5
2026-03-13T23:59:44.557190,ML Model Tracker Integration - Google Chrome,5
2026-03-13T23:59:49.557977,ML Model Tracker Integration - Google Chrome,5
2026-03-13T23:59:54.559057,predictor.py - WEAL Hackathon Project - Visual Studio Code,5
2026-03-13T23:59:59.560644,predictor.py - WEAL Hackathon Project - Visual Studio Code,5
2026-03-14T00:00:04.561544,predictor.py - WEAL Hackathon Project - Visual Studio Code,5
2026-03-14T00:00:09.782952,app.py - WEAL Hackathon Project - Visual Studio Code,5
2026-03-14T00:00:14.783993,app.py - WEAL Hackathon Project - Visual Studio Code,5
2026-03-14T00:00:19.785469,app.py - WEAL Hackathon Project - Visual Studio Code,5
2026-03-14T00:00:24.786684,ML Model Tracker Integration - Google Chrome,5
2026-03-14T00:00:29.787644,ML Model Tracker Integration - Google Chrome,5
2026-03-14T00:00:34.789546,Task Switching,5
2026-03-14T00:00:39.790564,WEAL Hackathon Project - Visual Studio Code,5
2026-03-14T00:00:44.791598,WEAL Hackathon Project - Visual Studio Code,5
2026-03-14T00:00:49.792641,WEAL Hackathon Project - Visual Studio Code,5
2026-03-14T00:00:54.794198,WEAL Hackathon Project - Visual Studio Code,5
2026-03-14T00:00:59.795704,featureExtractor.py - WEAL Hackathon Project - Visual Studio Code,5
2026-03-14T00:01:04.797405,featureExtractor.py - WEAL Hackathon Project - Visual Studio Code,5
2026-03-14T00:01:09.799106,featureExtractor.py - WEAL Hackathon Project - Visual Studio Code,5
2026-03-14T00:01:14.800288,feature_extractor.py - WEAL Hackathon Project - Visual Studio Code,5
2026-03-14T00:01:19.801356,feature_extractor.py - WEAL Hackathon Project - Visual Studio Code,5
2026-03-14T00:06:57.037631,app.py - WEAL Hackathon Project - Visual Studio Code,5
2026-03-14T00:07:02.064652,app.py - WEAL Hackathon Project - Visual Studio Code,5
2026-03-14T00:07:07.066106,app.py - WEAL Hackathon Project - Visual Studio Code,5
2026-03-14T00:07:12.067666,app.py - WEAL Hackathon Project - Visual Studio Code,5
2026-03-14T00:07:17.068867,app.py - WEAL Hackathon Project - Visual Studio Code,5
2026-03-14T00:07:22.070494,app.py - WEAL Hackathon Project - Visual Studio Code,5
2026-03-14T00:07:27.084918,app.py - WEAL Hackathon Project - Visual Studio Code,5
2026-03-14T00:07:32.086348,app.py - WEAL Hackathon Project - Visual Studio Code,5
2026-03-14T00:07:37.087706,app.py - WEAL Hackathon Project - Visual Studio Code,5
2026-03-14T00:07:42.088833,app.py - WEAL Hackathon Project - Visual Studio Code,5
2026-03-14T00:07:47.090023,app.py - WEAL Hackathon Project - Visual Studio Code,5
2026-03-14T00:07:52.092103,Snipping Tool Overlay,5
2026-03-14T00:07:57.094030,ML Model Tracker Integration - Google Chrome,5
2026-03-14T00:08:02.096075,ML Model Tracker Integration - Google Chrome,5
2026-03-14T00:08:07.097350,ML Model Tracker Integration - Google Chrome,5
2026-03-14T00:08:12.098127,ML Model Tracker Integration - Google Chrome,5
2026-03-14T00:08:17.099321,ML Model Tracker Integration - Google Chrome,5
2026-03-14T00:08:22.100930,ML Model Tracker Integration - Google Chrome,5
2026-03-14T00:08:27.102494,ML Model Tracker Integration - Google Chrome,5
2026-03-14T00:08:32.104280,ML Model Tracker Integration - Google Chrome,5
2026-03-14T00:08:37.105931,app.py - WEAL Hackathon Project - Visual Studio Code,5
2026-03-14T00:13:26.191165,app.py - WEAL Hackathon Project - Visual Studio Code,5
2026-03-14T00:13:31.192464,app.py - WEAL Hackathon Project - Visual Studio Code,5
2026-03-14T00:13:36.206253,app.py - WEAL Hackathon Project - Visual Studio Code,5
2026-03-14T00:13:41.207661,app.py - WEAL Hackathon Project - Visual Studio Code,5
2026-03-14T00:13:46.208699,app.py - WEAL Hackathon Project - Visual Studio Code,5
2026-03-14T00:13:51.221947,weal - Google Chrome,5
2026-03-14T00:13:56.249801,ML Model Tracker Integration - Google Chrome,5
2026-03-14T00:14:01.250835,weal - Google Chrome,5
2026-03-14T00:14:06.252167,app.py - WEAL Hackathon Project - Visual Studio Code,5
2026-03-14T00:14:11.253075,ML Model Tracker Integration - Google Chrome,5
2026-03-14T00:14:16.254302,ML Model Tracker Integration - Google Chrome,5
2026-03-14T00:14:21.255692,ML Model Tracker Integration - Google Chrome,5
2026-03-14T00:14:26.274430,app.py - WEAL Hackathon Project - Visual Studio Code,5
2026-03-14T00:15:49.580482,app.py - WEAL Hackathon Project - Visual Studio Code,5
2026-03-14T00:15:54.597521,app.py - WEAL Hackathon Project - Visual Studio Code,5
2026-03-14T00:15:59.598974,app.py - WEAL Hackathon Project - Visual Studio Code,5
2026-03-14T00:16:04.600071,app.py - WEAL Hackathon Project - Visual Studio Code,5
2026-03-14T00:16:09.601202,app.py - WEAL Hackathon Project - Visual Studio Code,5
2026-03-14T00:16:14.602355,app.py - WEAL Hackathon Project - Visual Studio Code,5
2026-03-14T00:16:19.603959,app.py - WEAL Hackathon Project - Visual Studio Code,5
2026-03-14T00:16:24.605271,app.py - WEAL Hackathon Project - Visual Studio Code,5
2026-03-14T00:16:29.607163,weal - Google Chrome,5
2026-03-14T00:16:34.608662,weal - Google Chrome,5
2026-03-14T00:16:39.610187,weal - Google Chrome,5
2026-03-14T00:16:44.611944,weal - Google Chrome,5
2026-03-14T00:16:49.613879,weal - Google Chrome,5
2026-03-14T00:16:54.615756,weal - Google Chrome,5
2026-03-14T00:16:59.617518,weal - Google Chrome,5
2026-03-14T00:17:04.618844,weal - Google Chrome,5
2026-03-14T00:17:09.619734,weal - Google Chrome,5
2026-03-14T00:17:14.620957,weal - Google Chrome,5
2026-03-14T00:17:19.622029,weal - Google Chrome,5
2026-03-14T00:17:24.623327,app.py - WEAL Hackathon Project - Visual Studio Code,5
